Volatility,3,Framework,2.26.2
Order,Last,Modified,Last Update	Exec Flag	File Size	File Path
0,2024-10-31,09:48:28.000000,UTC	N/A	N/A	N/A	E:\FTK imager\download\FTK Imager\ADIso.exe
1,2024-10-31,09:48:28.000000,UTC	N/A	N/A	N/A	E:\FTK imager\download\FTK Imager\adencrypt_gui.exe
2,2024-04-09,09:21:02.000000,UTC	N/A	N/A	N/A	C:\Python312\python.exe
3,N/A,N/A,N/A	N/A	00000009	000200940e1b0000	000a00004bc80000	8664	Microsoft.Todos	8wekyb3d8bbwe	
4,2025-07-10,07:06:40.000000,UTC	N/A	N/A	N/A	C:\Program Files (x86)\Microsoft\EdgeWebView\Application\138.0.3351.83\msedgewebview2.exe
5,2024-05-07,17:05:06.000000,UTC	N/A	N/A	N/A	C:\Program Files\ZAP\Zed Attack Proxy\ZAP.exe
6,N/A,N/A,N/A	N/A	00000009	03e865f4122c0000	000a00007fff0000	8664	MicrosoftWindows.Client.CoreAI	cw5n1h2txyewy	
7,N/A,N/A,N/A	N/A	00000009	03e865f4122c0000	000a00007fff0000	8664	MicrosoftWindows.57074914.Livtop	cw5n1h2txyewy	
8,N/A,N/A,N/A	N/A	00000009	03e865f4122c0000	000a00007fff0000	8664	MicrosoftWindows.57074904.InpApp	cw5n1h2txyewy	
9,N/A,N/A,N/A	N/A	00000009	03e865f4122c0000	000a00007fff0000	8664	MicrosoftWindows.57058570.Speion	cw5n1h2txyewy	
10,N/A,N/A,N/A	N/A	00000009	03e865f4122c0000	000a00007fff0000	8664	MicrosoftWindows.56978801.Voiess	cw5n1h2txyewy	
11,N/A,N/A,N/A	N/A	00000009	03e865f4122c0000	000a00007fff0000	8664	MicrosoftWindows.54792954.Filons	cw5n1h2txyewy	
12,2025-07-10,07:06:56.000000,UTC	N/A	N/A	N/A	C:\Program Files (x86)\Microsoft\Edge\Application\138.0.3351.83\identity_helper.exe
13,2025-07-10,07:06:23.000000,UTC	N/A	N/A	N/A	C:\Program Files (x86)\Microsoft\Edge\Application\138.0.3351.83\elevation_service.exe
14,2024-12-25,08:41:12.000000,UTC	N/A	N/A	N/A	C:\Program Files (x86)\BraveSoftware\Update\1.3.361.151\BraveCrashHandler64.exe
15,2024-12-25,08:41:12.000000,UTC	N/A	N/A	N/A	C:\Program Files (x86)\BraveSoftware\Update\1.3.361.151\BraveCrashHandler.exe
16,2025-07-15,06:35:52.000000,UTC	N/A	N/A	N/A	C:\Users\aswal\AppData\Local\Temp\is-LPLCD.tmp\HxDSetup.tmp
17,2025-07-15,06:35:48.000000,UTC	N/A	N/A	N/A	C:\Users\aswal\AppData\Local\Temp\is-O4HMC.tmp\HxDSetup.tmp
18,2025-07-15,06:19:09.000000,UTC	N/A	N/A	N/A	E:\HxD\HxD\unins000.exe
19,2025-07-15,06:20:11.000000,UTC	N/A	N/A	N/A	C:\Users\aswal\AppData\Local\Temp\is-QSE6I.tmp\HxDSetup.tmp
20,2025-07-15,06:20:08.000000,UTC	N/A	N/A	N/A	C:\Users\aswal\AppData\Local\Temp\is-JF7CS.tmp\HxDSetup.tmp
21,2021-02-10,16:50:12.000000,UTC	N/A	N/A	N/A	E:\HxD\HxD\HxD.exe
22,2025-07-15,06:19:09.000000,UTC	N/A	N/A	N/A	C:\Users\aswal\AppData\Local\Temp\is-5CHSS.tmp\HxDSetup.tmp
23,2025-07-15,06:19:06.000000,UTC	N/A	N/A	N/A	C:\Users\aswal\AppData\Local\Temp\is-R5JJA.tmp\HxDSetup.tmp
24,2025-07-15,06:18:40.000000,UTC	N/A	N/A	N/A	C:\Users\aswal\AppData\Local\Temp\is-DIVS4.tmp\HxDSetup.tmp
25,2025-07-15,06:18:37.000000,UTC	N/A	N/A	N/A	C:\Users\aswal\AppData\Local\Temp\is-UO7K2.tmp\HxDSetup.tmp
26,2025-07-15,06:18:05.000000,UTC	N/A	-	N/A	E:\HxD\HxDSetup.exe
